"Id","Label","group"
0,"Topic_0","Topic"
1,"Topic_1","Topic"
2,"Topic_2","Topic"
3,"Topic_3","Topic"
4,"Topic_4","Topic"
5,"Topic_5","Topic"
6,"Topic_6","Topic"
7,"Topic_7","Topic"
8,"Topic_8","Topic"
9,"Topic_9","Topic"
10,"Topic_10","Topic"
11,"Topic_11","Topic"
12,"Topic_12","Topic"
13,"Topic_13","Topic"
14,"Topic_14","Topic"
15,"Topic_15","Topic"
16,"Topic_16","Topic"
17,"Topic_17","Topic"
18,"Topic_18","Topic"
19,"Topic_19","Topic"
20,"Topic_20","Topic"
21,"Topic_21","Topic"
22,"Topic_22","Topic"
23,"Topic_23","Topic"
24,"Topic_24","Topic"
25,"Cbronte_Jane_1847_1","Cbronte"
26,"Cbronte_Jane_1847_2","Cbronte"
27,"Cbronte_Jane_1847_3","Cbronte"
28,"Cbronte_Jane_1847_4","Cbronte"
29,"Cbronte_Jane_1847_5","Cbronte"
30,"Cbronte_Jane_1847_6","Cbronte"
31,"Cbronte_Jane_1847_7","Cbronte"
32,"Cbronte_Jane_1847_8","Cbronte"
33,"Cbronte_Jane_1847_9","Cbronte"
34,"Cbronte_Jane_1847_10","Cbronte"
35,"Cbronte_Jane_1847_11","Cbronte"
36,"Cbronte_Jane_1847_12","Cbronte"
37,"Cbronte_Jane_1847_13","Cbronte"
38,"Cbronte_Jane_1847_14","Cbronte"
39,"Cbronte_Jane_1847_15","Cbronte"
40,"Cbronte_Jane_1847_16","Cbronte"
41,"Cbronte_Jane_1847_17","Cbronte"
42,"Cbronte_Jane_1847_18","Cbronte"
43,"Cbronte_Jane_1847_19","Cbronte"
44,"Cbronte_Jane_1847_20","Cbronte"
45,"Cbronte_Jane_1847_21","Cbronte"
46,"Cbronte_Jane_1847_22","Cbronte"
47,"Cbronte_Jane_1847_23","Cbronte"
48,"Cbronte_Jane_1847_24","Cbronte"
49,"Cbronte_Jane_1847_25","Cbronte"
50,"Cbronte_Jane_1847_26","Cbronte"
51,"Cbronte_Jane_1847_27","Cbronte"
52,"Cbronte_Jane_1847_28","Cbronte"
53,"Cbronte_Jane_1847_29","Cbronte"
54,"Cbronte_Jane_1847_30","Cbronte"
55,"Cbronte_Jane_1847_31","Cbronte"
56,"Cbronte_Jane_1847_32","Cbronte"
57,"Cbronte_Jane_1847_33","Cbronte"
58,"Cbronte_Jane_1847_34","Cbronte"
59,"Cbronte_Jane_1847_35","Cbronte"
60,"Cbronte_Jane_1847_36","Cbronte"
61,"Cbronte_Jane_1847_37","Cbronte"
62,"Cbronte_Jane_1847_38","Cbronte"
63,"Cbronte_Jane_1847_39","Cbronte"
64,"Cbronte_Jane_1847_40","Cbronte"
65,"Cbronte_Jane_1847_41","Cbronte"
66,"Cbronte_Jane_1847_42","Cbronte"
67,"Cbronte_Jane_1847_43","Cbronte"
68,"Cbronte_Jane_1847_44","Cbronte"
69,"Cbronte_Jane_1847_45","Cbronte"
70,"Cbronte_Jane_1847_46","Cbronte"
71,"Cbronte_Jane_1847_47","Cbronte"
72,"Cbronte_Jane_1847_48","Cbronte"
73,"Cbronte_Jane_1847_49","Cbronte"
74,"Cbronte_Jane_1847_50","Cbronte"
75,"Cbronte_Jane_1847_51","Cbronte"
76,"Cbronte_Jane_1847_52","Cbronte"
77,"Cbronte_Jane_1847_53","Cbronte"
78,"Cbronte_Jane_1847_54","Cbronte"
79,"Cbronte_Jane_1847_55","Cbronte"
80,"Cbronte_Jane_1847_56","Cbronte"
81,"Cbronte_Jane_1847_57","Cbronte"
82,"Cbronte_Jane_1847_58","Cbronte"
83,"Cbronte_Jane_1847_59","Cbronte"
84,"Cbronte_Jane_1847_60","Cbronte"
85,"Cbronte_Jane_1847_61","Cbronte"
86,"Cbronte_Jane_1847_62","Cbronte"
87,"Cbronte_Jane_1847_63","Cbronte"
88,"Cbronte_Jane_1847_64","Cbronte"
89,"Cbronte_Jane_1847_65","Cbronte"
90,"Cbronte_Jane_1847_66","Cbronte"
91,"Cbronte_Jane_1847_67","Cbronte"
92,"Cbronte_Jane_1847_68","Cbronte"
93,"Cbronte_Jane_1847_69","Cbronte"
94,"Cbronte_Jane_1847_70","Cbronte"
95,"Cbronte_Jane_1847_71","Cbronte"
96,"Cbronte_Jane_1847_72","Cbronte"
97,"Cbronte_Jane_1847_73","Cbronte"
98,"Cbronte_Jane_1847_74","Cbronte"
99,"Cbronte_Jane_1847_75","Cbronte"
100,"Cbronte_Jane_1847_76","Cbronte"
101,"Cbronte_Jane_1847_77","Cbronte"
102,"Cbronte_Jane_1847_78","Cbronte"
103,"Cbronte_Jane_1847_79","Cbronte"
104,"Cbronte_Jane_1847_80","Cbronte"
105,"Cbronte_Jane_1847_81","Cbronte"
106,"Cbronte_Jane_1847_82","Cbronte"
107,"Cbronte_Jane_1847_83","Cbronte"
108,"Cbronte_Jane_1847_84","Cbronte"
109,"Cbronte_Jane_1847_85","Cbronte"
110,"Cbronte_Jane_1847_86","Cbronte"
111,"Cbronte_Jane_1847_87","Cbronte"
112,"Cbronte_Jane_1847_88","Cbronte"
113,"Cbronte_Jane_1847_89","Cbronte"
114,"Cbronte_Jane_1847_90","Cbronte"
115,"Cbronte_Jane_1847_91","Cbronte"
116,"Cbronte_Jane_1847_92","Cbronte"
117,"Cbronte_Jane_1847_93","Cbronte"
118,"Cbronte_Jane_1847_94","Cbronte"
119,"Cbronte_Jane_1847_95","Cbronte"
120,"Cbronte_Jane_1847_96","Cbronte"
121,"Cbronte_Jane_1847_97","Cbronte"
122,"Cbronte_Jane_1847_98","Cbronte"
123,"Cbronte_Jane_1847_99","Cbronte"
124,"Cbronte_Jane_1847_100","Cbronte"
125,"Cbronte_Jane_1847_101","Cbronte"
126,"Cbronte_Jane_1847_102","Cbronte"
127,"Cbronte_Jane_1847_103","Cbronte"
128,"Cbronte_Jane_1847_104","Cbronte"
129,"Cbronte_Jane_1847_105","Cbronte"
130,"Cbronte_Jane_1847_106","Cbronte"
131,"Cbronte_Jane_1847_107","Cbronte"
132,"Cbronte_Jane_1847_108","Cbronte"
133,"Cbronte_Jane_1847_109","Cbronte"
134,"Cbronte_Jane_1847_110","Cbronte"
135,"Cbronte_Jane_1847_111","Cbronte"
136,"Cbronte_Jane_1847_112","Cbronte"
137,"Cbronte_Jane_1847_113","Cbronte"
138,"Cbronte_Jane_1847_114","Cbronte"
139,"Cbronte_Jane_1847_115","Cbronte"
140,"Cbronte_Jane_1847_116","Cbronte"
141,"Cbronte_Jane_1847_117","Cbronte"
142,"Cbronte_Jane_1847_118","Cbronte"
143,"Cbronte_Jane_1847_119","Cbronte"
144,"Cbronte_Jane_1847_120","Cbronte"
145,"Cbronte_Jane_1847_121","Cbronte"
146,"Cbronte_Jane_1847_122","Cbronte"
147,"Cbronte_Jane_1847_123","Cbronte"
148,"Cbronte_Jane_1847_124","Cbronte"
149,"Cbronte_Jane_1847_125","Cbronte"
150,"Cbronte_Jane_1847_126","Cbronte"
151,"Cbronte_Jane_1847_127","Cbronte"
152,"Cbronte_Jane_1847_128","Cbronte"
153,"Cbronte_Jane_1847_129","Cbronte"
154,"Cbronte_Jane_1847_130","Cbronte"
155,"Cbronte_Jane_1847_131","Cbronte"
156,"Cbronte_Jane_1847_132","Cbronte"
157,"Cbronte_Jane_1847_133","Cbronte"
158,"Cbronte_Jane_1847_134","Cbronte"
159,"Cbronte_Jane_1847_135","Cbronte"
160,"Cbronte_Jane_1847_136","Cbronte"
161,"Cbronte_Jane_1847_137","Cbronte"
162,"Cbronte_Jane_1847_138","Cbronte"
163,"Cbronte_Jane_1847_139","Cbronte"
164,"Cbronte_Jane_1847_140","Cbronte"
165,"Cbronte_Jane_1847_141","Cbronte"
166,"Cbronte_Jane_1847_142","Cbronte"
167,"Cbronte_Jane_1847_143","Cbronte"
168,"Cbronte_Jane_1847_144","Cbronte"
169,"Cbronte_Jane_1847_145","Cbronte"
170,"Cbronte_Jane_1847_146","Cbronte"
171,"Cbronte_Jane_1847_147","Cbronte"
172,"Cbronte_Jane_1847_148","Cbronte"
173,"Cbronte_Jane_1847_149","Cbronte"
174,"Cbronte_Jane_1847_150","Cbronte"
175,"Cbronte_Jane_1847_151","Cbronte"
176,"Cbronte_Jane_1847_152","Cbronte"
177,"Cbronte_Jane_1847_153","Cbronte"
178,"Cbronte_Jane_1847_154","Cbronte"
179,"Cbronte_Jane_1847_155","Cbronte"
180,"Cbronte_Jane_1847_156","Cbronte"
181,"Cbronte_Jane_1847_157","Cbronte"
182,"Cbronte_Jane_1847_158","Cbronte"
183,"Cbronte_Jane_1847_159","Cbronte"
184,"Cbronte_Jane_1847_160","Cbronte"
185,"Cbronte_Jane_1847_161","Cbronte"
186,"Cbronte_Jane_1847_162","Cbronte"
187,"Cbronte_Jane_1847_163","Cbronte"
188,"Cbronte_Jane_1847_164","Cbronte"
189,"Cbronte_Jane_1847_165","Cbronte"
190,"Cbronte_Jane_1847_166","Cbronte"
191,"Cbronte_Jane_1847_167","Cbronte"
192,"Cbronte_Jane_1847_168","Cbronte"
193,"Cbronte_Jane_1847_169","Cbronte"
194,"Cbronte_Jane_1847_170","Cbronte"
195,"Cbronte_Jane_1847_171","Cbronte"
196,"Cbronte_Jane_1847_172","Cbronte"
197,"Cbronte_Jane_1847_173","Cbronte"
198,"Cbronte_Jane_1847_174","Cbronte"
199,"Cbronte_Jane_1847_175","Cbronte"
200,"Cbronte_Jane_1847_176","Cbronte"
201,"Cbronte_Jane_1847_177","Cbronte"
202,"Cbronte_Jane_1847_178","Cbronte"
203,"Cbronte_Jane_1847_179","Cbronte"
204,"Cbronte_Jane_1847_180","Cbronte"
205,"Cbronte_Jane_1847_181","Cbronte"
206,"Cbronte_Jane_1847_182","Cbronte"
207,"Cbronte_Jane_1847_183","Cbronte"
208,"Cbronte_Jane_1847_184","Cbronte"
209,"Cbronte_Jane_1847_185","Cbronte"
210,"Cbronte_Jane_1847_186","Cbronte"
211,"Cbronte_Jane_1847_187","Cbronte"
212,"Cbronte_Jane_1847_188","Cbronte"
213,"Cbronte_Jane_1847_189","Cbronte"
214,"Cbronte_Shirley_1849_1","Cbronte"
215,"Cbronte_Shirley_1849_2","Cbronte"
216,"Cbronte_Shirley_1849_3","Cbronte"
217,"Cbronte_Shirley_1849_4","Cbronte"
218,"Cbronte_Shirley_1849_5","Cbronte"
219,"Cbronte_Shirley_1849_6","Cbronte"
220,"Cbronte_Shirley_1849_7","Cbronte"
221,"Cbronte_Shirley_1849_8","Cbronte"
222,"Cbronte_Shirley_1849_9","Cbronte"
223,"Cbronte_Shirley_1849_10","Cbronte"
224,"Cbronte_Shirley_1849_11","Cbronte"
225,"Cbronte_Shirley_1849_12","Cbronte"
226,"Cbronte_Shirley_1849_13","Cbronte"
227,"Cbronte_Shirley_1849_14","Cbronte"
228,"Cbronte_Shirley_1849_15","Cbronte"
229,"Cbronte_Shirley_1849_16","Cbronte"
230,"Cbronte_Shirley_1849_17","Cbronte"
231,"Cbronte_Shirley_1849_18","Cbronte"
232,"Cbronte_Shirley_1849_19","Cbronte"
233,"Cbronte_Shirley_1849_20","Cbronte"
234,"Cbronte_Shirley_1849_21","Cbronte"
235,"Cbronte_Shirley_1849_22","Cbronte"
236,"Cbronte_Shirley_1849_23","Cbronte"
237,"Cbronte_Shirley_1849_24","Cbronte"
238,"Cbronte_Shirley_1849_25","Cbronte"
239,"Cbronte_Shirley_1849_26","Cbronte"
240,"Cbronte_Shirley_1849_27","Cbronte"
241,"Cbronte_Shirley_1849_28","Cbronte"
242,"Cbronte_Shirley_1849_29","Cbronte"
243,"Cbronte_Shirley_1849_30","Cbronte"
244,"Cbronte_Shirley_1849_31","Cbronte"
245,"Cbronte_Shirley_1849_32","Cbronte"
246,"Cbronte_Shirley_1849_33","Cbronte"
247,"Cbronte_Shirley_1849_34","Cbronte"
248,"Cbronte_Shirley_1849_35","Cbronte"
249,"Cbronte_Shirley_1849_36","Cbronte"
250,"Cbronte_Shirley_1849_37","Cbronte"
251,"Cbronte_Shirley_1849_38","Cbronte"
252,"Cbronte_Shirley_1849_39","Cbronte"
253,"Cbronte_Shirley_1849_40","Cbronte"
254,"Cbronte_Shirley_1849_41","Cbronte"
255,"Cbronte_Shirley_1849_42","Cbronte"
256,"Cbronte_Shirley_1849_43","Cbronte"
257,"Cbronte_Shirley_1849_44","Cbronte"
258,"Cbronte_Shirley_1849_45","Cbronte"
259,"Cbronte_Shirley_1849_46","Cbronte"
260,"Cbronte_Shirley_1849_47","Cbronte"
261,"Cbronte_Shirley_1849_48","Cbronte"
262,"Cbronte_Shirley_1849_49","Cbronte"
263,"Cbronte_Shirley_1849_50","Cbronte"
264,"Cbronte_Shirley_1849_51","Cbronte"
265,"Cbronte_Shirley_1849_52","Cbronte"
266,"Cbronte_Shirley_1849_53","Cbronte"
267,"Cbronte_Shirley_1849_54","Cbronte"
268,"Cbronte_Shirley_1849_55","Cbronte"
269,"Cbronte_Shirley_1849_56","Cbronte"
270,"Cbronte_Shirley_1849_57","Cbronte"
271,"Cbronte_Shirley_1849_58","Cbronte"
272,"Cbronte_Shirley_1849_59","Cbronte"
273,"Cbronte_Shirley_1849_60","Cbronte"
274,"Cbronte_Shirley_1849_61","Cbronte"
275,"Cbronte_Shirley_1849_62","Cbronte"
276,"Cbronte_Shirley_1849_63","Cbronte"
277,"Cbronte_Shirley_1849_64","Cbronte"
278,"Cbronte_Shirley_1849_65","Cbronte"
279,"Cbronte_Shirley_1849_66","Cbronte"
280,"Cbronte_Shirley_1849_67","Cbronte"
281,"Cbronte_Shirley_1849_68","Cbronte"
282,"Cbronte_Shirley_1849_69","Cbronte"
283,"Cbronte_Shirley_1849_70","Cbronte"
284,"Cbronte_Shirley_1849_71","Cbronte"
285,"Cbronte_Shirley_1849_72","Cbronte"
286,"Cbronte_Shirley_1849_73","Cbronte"
287,"Cbronte_Shirley_1849_74","Cbronte"
288,"Cbronte_Shirley_1849_75","Cbronte"
289,"Cbronte_Shirley_1849_76","Cbronte"
290,"Cbronte_Shirley_1849_77","Cbronte"
291,"Cbronte_Shirley_1849_78","Cbronte"
292,"Cbronte_Shirley_1849_79","Cbronte"
293,"Cbronte_Shirley_1849_80","Cbronte"
294,"Cbronte_Shirley_1849_81","Cbronte"
295,"Cbronte_Shirley_1849_82","Cbronte"
296,"Cbronte_Shirley_1849_83","Cbronte"
297,"Cbronte_Shirley_1849_84","Cbronte"
298,"Cbronte_Shirley_1849_85","Cbronte"
299,"Cbronte_Shirley_1849_86","Cbronte"
300,"Cbronte_Shirley_1849_87","Cbronte"
301,"Cbronte_Shirley_1849_88","Cbronte"
302,"Cbronte_Shirley_1849_89","Cbronte"
303,"Cbronte_Shirley_1849_90","Cbronte"
304,"Cbronte_Shirley_1849_91","Cbronte"
305,"Cbronte_Shirley_1849_92","Cbronte"
306,"Cbronte_Shirley_1849_93","Cbronte"
307,"Cbronte_Shirley_1849_94","Cbronte"
308,"Cbronte_Shirley_1849_95","Cbronte"
309,"Cbronte_Shirley_1849_96","Cbronte"
310,"Cbronte_Shirley_1849_97","Cbronte"
311,"Cbronte_Shirley_1849_98","Cbronte"
312,"Cbronte_Shirley_1849_99","Cbronte"
313,"Cbronte_Shirley_1849_100","Cbronte"
314,"Cbronte_Shirley_1849_101","Cbronte"
315,"Cbronte_Shirley_1849_102","Cbronte"
316,"Cbronte_Shirley_1849_103","Cbronte"
317,"Cbronte_Shirley_1849_104","Cbronte"
318,"Cbronte_Shirley_1849_105","Cbronte"
319,"Cbronte_Shirley_1849_106","Cbronte"
320,"Cbronte_Shirley_1849_107","Cbronte"
321,"Cbronte_Shirley_1849_108","Cbronte"
322,"Cbronte_Shirley_1849_109","Cbronte"
323,"Cbronte_Shirley_1849_110","Cbronte"
324,"Cbronte_Shirley_1849_111","Cbronte"
325,"Cbronte_Shirley_1849_112","Cbronte"
326,"Cbronte_Shirley_1849_113","Cbronte"
327,"Cbronte_Shirley_1849_114","Cbronte"
328,"Cbronte_Shirley_1849_115","Cbronte"
329,"Cbronte_Shirley_1849_116","Cbronte"
330,"Cbronte_Shirley_1849_117","Cbronte"
331,"Cbronte_Shirley_1849_118","Cbronte"
332,"Cbronte_Shirley_1849_119","Cbronte"
333,"Cbronte_Shirley_1849_120","Cbronte"
334,"Cbronte_Shirley_1849_121","Cbronte"
335,"Cbronte_Shirley_1849_122","Cbronte"
336,"Cbronte_Shirley_1849_123","Cbronte"
337,"Cbronte_Shirley_1849_124","Cbronte"
338,"Cbronte_Shirley_1849_125","Cbronte"
339,"Cbronte_Shirley_1849_126","Cbronte"
340,"Cbronte_Shirley_1849_127","Cbronte"
341,"Cbronte_Shirley_1849_128","Cbronte"
342,"Cbronte_Shirley_1849_129","Cbronte"
343,"Cbronte_Shirley_1849_130","Cbronte"
344,"Cbronte_Shirley_1849_131","Cbronte"
345,"Cbronte_Shirley_1849_132","Cbronte"
346,"Cbronte_Shirley_1849_133","Cbronte"
347,"Cbronte_Shirley_1849_134","Cbronte"
348,"Cbronte_Shirley_1849_135","Cbronte"
349,"Cbronte_Shirley_1849_136","Cbronte"
350,"Cbronte_Shirley_1849_137","Cbronte"
351,"Cbronte_Shirley_1849_138","Cbronte"
352,"Cbronte_Shirley_1849_139","Cbronte"
353,"Cbronte_Shirley_1849_140","Cbronte"
354,"Cbronte_Shirley_1849_141","Cbronte"
355,"Cbronte_Shirley_1849_142","Cbronte"
356,"Cbronte_Shirley_1849_143","Cbronte"
357,"Cbronte_Shirley_1849_144","Cbronte"
358,"Cbronte_Shirley_1849_145","Cbronte"
359,"Cbronte_Shirley_1849_146","Cbronte"
360,"Cbronte_Shirley_1849_147","Cbronte"
361,"Cbronte_Shirley_1849_148","Cbronte"
362,"Cbronte_Shirley_1849_149","Cbronte"
363,"Cbronte_Shirley_1849_150","Cbronte"
364,"Cbronte_Shirley_1849_151","Cbronte"
365,"Cbronte_Shirley_1849_152","Cbronte"
366,"Cbronte_Shirley_1849_153","Cbronte"
367,"Cbronte_Shirley_1849_154","Cbronte"
368,"Cbronte_Shirley_1849_155","Cbronte"
369,"Cbronte_Shirley_1849_156","Cbronte"
370,"Cbronte_Shirley_1849_157","Cbronte"
371,"Cbronte_Shirley_1849_158","Cbronte"
372,"Cbronte_Shirley_1849_159","Cbronte"
373,"Cbronte_Shirley_1849_160","Cbronte"
374,"Cbronte_Shirley_1849_161","Cbronte"
375,"Cbronte_Shirley_1849_162","Cbronte"
376,"Cbronte_Shirley_1849_163","Cbronte"
377,"Cbronte_Shirley_1849_164","Cbronte"
378,"Cbronte_Shirley_1849_165","Cbronte"
379,"Cbronte_Shirley_1849_166","Cbronte"
380,"Cbronte_Shirley_1849_167","Cbronte"
381,"Cbronte_Shirley_1849_168","Cbronte"
382,"Cbronte_Shirley_1849_169","Cbronte"
383,"Cbronte_Shirley_1849_170","Cbronte"
384,"Cbronte_Shirley_1849_171","Cbronte"
385,"Cbronte_Shirley_1849_172","Cbronte"
386,"Cbronte_Shirley_1849_173","Cbronte"
387,"Cbronte_Shirley_1849_174","Cbronte"
388,"Cbronte_Shirley_1849_175","Cbronte"
389,"Cbronte_Shirley_1849_176","Cbronte"
390,"Cbronte_Shirley_1849_177","Cbronte"
391,"Cbronte_Shirley_1849_178","Cbronte"
392,"Cbronte_Shirley_1849_179","Cbronte"
393,"Cbronte_Shirley_1849_180","Cbronte"
394,"Cbronte_Shirley_1849_181","Cbronte"
395,"Cbronte_Shirley_1849_182","Cbronte"
396,"Cbronte_Shirley_1849_183","Cbronte"
397,"Cbronte_Shirley_1849_184","Cbronte"
398,"Cbronte_Shirley_1849_185","Cbronte"
399,"Cbronte_Shirley_1849_186","Cbronte"
400,"Cbronte_Shirley_1849_187","Cbronte"
401,"Cbronte_Shirley_1849_188","Cbronte"
402,"Cbronte_Shirley_1849_189","Cbronte"
403,"Cbronte_Shirley_1849_190","Cbronte"
404,"Cbronte_Shirley_1849_191","Cbronte"
405,"Cbronte_Shirley_1849_192","Cbronte"
406,"Cbronte_Shirley_1849_193","Cbronte"
407,"Cbronte_Shirley_1849_194","Cbronte"
408,"Cbronte_Shirley_1849_195","Cbronte"
409,"Cbronte_Shirley_1849_196","Cbronte"
410,"Cbronte_Shirley_1849_197","Cbronte"
411,"Cbronte_Shirley_1849_198","Cbronte"
412,"Cbronte_Shirley_1849_199","Cbronte"
413,"Cbronte_Shirley_1849_200","Cbronte"
414,"Cbronte_Shirley_1849_201","Cbronte"
415,"Cbronte_Shirley_1849_202","Cbronte"
416,"Cbronte_Shirley_1849_203","Cbronte"
417,"Cbronte_Shirley_1849_204","Cbronte"
418,"Cbronte_Shirley_1849_205","Cbronte"
419,"Cbronte_Shirley_1849_206","Cbronte"
420,"Cbronte_Shirley_1849_207","Cbronte"
421,"Cbronte_Shirley_1849_208","Cbronte"
422,"Cbronte_Shirley_1849_209","Cbronte"
423,"Cbronte_Shirley_1849_210","Cbronte"
424,"Cbronte_Shirley_1849_211","Cbronte"
425,"Cbronte_Shirley_1849_212","Cbronte"
426,"Cbronte_Shirley_1849_213","Cbronte"
427,"Cbronte_Shirley_1849_214","Cbronte"
428,"Cbronte_Shirley_1849_215","Cbronte"
429,"Cbronte_Shirley_1849_216","Cbronte"
430,"Cbronte_Shirley_1849_217","Cbronte"
431,"Cbronte_Shirley_1849_218","Cbronte"
432,"Cbronte_Shirley_1849_219","Cbronte"
433,"Cbronte_Villette_1853_1","Cbronte"
434,"Cbronte_Villette_1853_2","Cbronte"
435,"Cbronte_Villette_1853_3","Cbronte"
436,"Cbronte_Villette_1853_4","Cbronte"
437,"Cbronte_Villette_1853_5","Cbronte"
438,"Cbronte_Villette_1853_6","Cbronte"
439,"Cbronte_Villette_1853_7","Cbronte"
440,"Cbronte_Villette_1853_8","Cbronte"
441,"Cbronte_Villette_1853_9","Cbronte"
442,"Cbronte_Villette_1853_10","Cbronte"
443,"Cbronte_Villette_1853_11","Cbronte"
444,"Cbronte_Villette_1853_12","Cbronte"
445,"Cbronte_Villette_1853_13","Cbronte"
446,"Cbronte_Villette_1853_14","Cbronte"
447,"Cbronte_Villette_1853_15","Cbronte"
448,"Cbronte_Villette_1853_16","Cbronte"
449,"Cbronte_Villette_1853_17","Cbronte"
450,"Cbronte_Villette_1853_18","Cbronte"
451,"Cbronte_Villette_1853_19","Cbronte"
452,"Cbronte_Villette_1853_20","Cbronte"
453,"Cbronte_Villette_1853_21","Cbronte"
454,"Cbronte_Villette_1853_22","Cbronte"
455,"Cbronte_Villette_1853_23","Cbronte"
456,"Cbronte_Villette_1853_24","Cbronte"
457,"Cbronte_Villette_1853_25","Cbronte"
458,"Cbronte_Villette_1853_26","Cbronte"
459,"Cbronte_Villette_1853_27","Cbronte"
460,"Cbronte_Villette_1853_28","Cbronte"
461,"Cbronte_Villette_1853_29","Cbronte"
462,"Cbronte_Villette_1853_30","Cbronte"
463,"Cbronte_Villette_1853_31","Cbronte"
464,"Cbronte_Villette_1853_32","Cbronte"
465,"Cbronte_Villette_1853_33","Cbronte"
466,"Cbronte_Villette_1853_34","Cbronte"
467,"Cbronte_Villette_1853_35","Cbronte"
468,"Cbronte_Villette_1853_36","Cbronte"
469,"Cbronte_Villette_1853_37","Cbronte"
470,"Cbronte_Villette_1853_38","Cbronte"
471,"Cbronte_Villette_1853_39","Cbronte"
472,"Cbronte_Villette_1853_40","Cbronte"
473,"Cbronte_Villette_1853_41","Cbronte"
474,"Cbronte_Villette_1853_42","Cbronte"
475,"Cbronte_Villette_1853_43","Cbronte"
476,"Cbronte_Villette_1853_44","Cbronte"
477,"Cbronte_Villette_1853_45","Cbronte"
478,"Cbronte_Villette_1853_46","Cbronte"
479,"Cbronte_Villette_1853_47","Cbronte"
480,"Cbronte_Villette_1853_48","Cbronte"
481,"Cbronte_Villette_1853_49","Cbronte"
482,"Cbronte_Villette_1853_50","Cbronte"
483,"Cbronte_Villette_1853_51","Cbronte"
484,"Cbronte_Villette_1853_52","Cbronte"
485,"Cbronte_Villette_1853_53","Cbronte"
486,"Cbronte_Villette_1853_54","Cbronte"
487,"Cbronte_Villette_1853_55","Cbronte"
488,"Cbronte_Villette_1853_56","Cbronte"
489,"Cbronte_Villette_1853_57","Cbronte"
490,"Cbronte_Villette_1853_58","Cbronte"
491,"Cbronte_Villette_1853_59","Cbronte"
492,"Cbronte_Villette_1853_60","Cbronte"
493,"Cbronte_Villette_1853_61","Cbronte"
494,"Cbronte_Villette_1853_62","Cbronte"
495,"Cbronte_Villette_1853_63","Cbronte"
496,"Cbronte_Villette_1853_64","Cbronte"
497,"Cbronte_Villette_1853_65","Cbronte"
498,"Cbronte_Villette_1853_66","Cbronte"
499,"Cbronte_Villette_1853_67","Cbronte"
500,"Cbronte_Villette_1853_68","Cbronte"
501,"Cbronte_Villette_1853_69","Cbronte"
502,"Cbronte_Villette_1853_70","Cbronte"
503,"Cbronte_Villette_1853_71","Cbronte"
504,"Cbronte_Villette_1853_72","Cbronte"
505,"Cbronte_Villette_1853_73","Cbronte"
506,"Cbronte_Villette_1853_74","Cbronte"
507,"Cbronte_Villette_1853_75","Cbronte"
508,"Cbronte_Villette_1853_76","Cbronte"
509,"Cbronte_Villette_1853_77","Cbronte"
510,"Cbronte_Villette_1853_78","Cbronte"
511,"Cbronte_Villette_1853_79","Cbronte"
512,"Cbronte_Villette_1853_80","Cbronte"
513,"Cbronte_Villette_1853_81","Cbronte"
514,"Cbronte_Villette_1853_82","Cbronte"
515,"Cbronte_Villette_1853_83","Cbronte"
516,"Cbronte_Villette_1853_84","Cbronte"
517,"Cbronte_Villette_1853_85","Cbronte"
518,"Cbronte_Villette_1853_86","Cbronte"
519,"Cbronte_Villette_1853_87","Cbronte"
520,"Cbronte_Villette_1853_88","Cbronte"
521,"Cbronte_Villette_1853_89","Cbronte"
522,"Cbronte_Villette_1853_90","Cbronte"
523,"Cbronte_Villette_1853_91","Cbronte"
524,"Cbronte_Villette_1853_92","Cbronte"
525,"Cbronte_Villette_1853_93","Cbronte"
526,"Cbronte_Villette_1853_94","Cbronte"
527,"Cbronte_Villette_1853_95","Cbronte"
528,"Cbronte_Villette_1853_96","Cbronte"
529,"Cbronte_Villette_1853_97","Cbronte"
530,"Cbronte_Villette_1853_98","Cbronte"
531,"Cbronte_Villette_1853_99","Cbronte"
532,"Cbronte_Villette_1853_100","Cbronte"
533,"Cbronte_Villette_1853_101","Cbronte"
534,"Cbronte_Villette_1853_102","Cbronte"
535,"Cbronte_Villette_1853_103","Cbronte"
536,"Cbronte_Villette_1853_104","Cbronte"
537,"Cbronte_Villette_1853_105","Cbronte"
538,"Cbronte_Villette_1853_106","Cbronte"
539,"Cbronte_Villette_1853_107","Cbronte"
540,"Cbronte_Villette_1853_108","Cbronte"
541,"Cbronte_Villette_1853_109","Cbronte"
542,"Cbronte_Villette_1853_110","Cbronte"
543,"Cbronte_Villette_1853_111","Cbronte"
544,"Cbronte_Villette_1853_112","Cbronte"
545,"Cbronte_Villette_1853_113","Cbronte"
546,"Cbronte_Villette_1853_114","Cbronte"
547,"Cbronte_Villette_1853_115","Cbronte"
548,"Cbronte_Villette_1853_116","Cbronte"
549,"Cbronte_Villette_1853_117","Cbronte"
550,"Cbronte_Villette_1853_118","Cbronte"
551,"Cbronte_Villette_1853_119","Cbronte"
552,"Cbronte_Villette_1853_120","Cbronte"
553,"Cbronte_Villette_1853_121","Cbronte"
554,"Cbronte_Villette_1853_122","Cbronte"
555,"Cbronte_Villette_1853_123","Cbronte"
556,"Cbronte_Villette_1853_124","Cbronte"
557,"Cbronte_Villette_1853_125","Cbronte"
558,"Cbronte_Villette_1853_126","Cbronte"
559,"Cbronte_Villette_1853_127","Cbronte"
560,"Cbronte_Villette_1853_128","Cbronte"
561,"Cbronte_Villette_1853_129","Cbronte"
562,"Cbronte_Villette_1853_130","Cbronte"
563,"Cbronte_Villette_1853_131","Cbronte"
564,"Cbronte_Villette_1853_132","Cbronte"
565,"Cbronte_Villette_1853_133","Cbronte"
566,"Cbronte_Villette_1853_134","Cbronte"
567,"Cbronte_Villette_1853_135","Cbronte"
568,"Cbronte_Villette_1853_136","Cbronte"
569,"Cbronte_Villette_1853_137","Cbronte"
570,"Cbronte_Villette_1853_138","Cbronte"
571,"Cbronte_Villette_1853_139","Cbronte"
572,"Cbronte_Villette_1853_140","Cbronte"
573,"Cbronte_Villette_1853_141","Cbronte"
574,"Cbronte_Villette_1853_142","Cbronte"
575,"Cbronte_Villette_1853_143","Cbronte"
576,"Cbronte_Villette_1853_144","Cbronte"
577,"Cbronte_Villette_1853_145","Cbronte"
578,"Cbronte_Villette_1853_146","Cbronte"
579,"Cbronte_Villette_1853_147","Cbronte"
580,"Cbronte_Villette_1853_148","Cbronte"
581,"Cbronte_Villette_1853_149","Cbronte"
582,"Cbronte_Villette_1853_150","Cbronte"
583,"Cbronte_Villette_1853_151","Cbronte"
584,"Cbronte_Villette_1853_152","Cbronte"
585,"Cbronte_Villette_1853_153","Cbronte"
586,"Cbronte_Villette_1853_154","Cbronte"
587,"Cbronte_Villette_1853_155","Cbronte"
588,"Cbronte_Villette_1853_156","Cbronte"
589,"Cbronte_Villette_1853_157","Cbronte"
590,"Cbronte_Villette_1853_158","Cbronte"
591,"Cbronte_Villette_1853_159","Cbronte"
592,"Cbronte_Villette_1853_160","Cbronte"
593,"Cbronte_Villette_1853_161","Cbronte"
594,"Cbronte_Villette_1853_162","Cbronte"
595,"Cbronte_Villette_1853_163","Cbronte"
596,"Cbronte_Villette_1853_164","Cbronte"
597,"Cbronte_Villette_1853_165","Cbronte"
598,"Cbronte_Villette_1853_166","Cbronte"
599,"Cbronte_Villette_1853_167","Cbronte"
600,"Cbronte_Villette_1853_168","Cbronte"
601,"Cbronte_Villette_1853_169","Cbronte"
602,"Cbronte_Villette_1853_170","Cbronte"
603,"Cbronte_Villette_1853_171","Cbronte"
604,"Cbronte_Villette_1853_172","Cbronte"
605,"Cbronte_Villette_1853_173","Cbronte"
606,"Cbronte_Villette_1853_174","Cbronte"
607,"Cbronte_Villette_1853_175","Cbronte"
608,"Cbronte_Villette_1853_176","Cbronte"
609,"Cbronte_Villette_1853_177","Cbronte"
610,"Cbronte_Villette_1853_178","Cbronte"
611,"Cbronte_Villette_1853_179","Cbronte"
612,"Cbronte_Villette_1853_180","Cbronte"
613,"Cbronte_Villette_1853_181","Cbronte"
614,"Cbronte_Villette_1853_182","Cbronte"
615,"Cbronte_Villette_1853_183","Cbronte"
616,"Cbronte_Villette_1853_184","Cbronte"
617,"Cbronte_Villette_1853_185","Cbronte"
618,"Cbronte_Villette_1853_186","Cbronte"
619,"Cbronte_Villette_1853_187","Cbronte"
620,"Cbronte_Villette_1853_188","Cbronte"
621,"Cbronte_Villette_1853_189","Cbronte"
622,"Cbronte_Villette_1853_190","Cbronte"
623,"Cbronte_Villette_1853_191","Cbronte"
624,"Cbronte_Villette_1853_192","Cbronte"
625,"Cbronte_Villette_1853_193","Cbronte"
626,"Cbronte_Villette_1853_194","Cbronte"
627,"Cbronte_Villette_1853_195","Cbronte"
628,"Cbronte_Villette_1853_196","Cbronte"
629,"Conrad_Almayer_1895_1","Conrad"
630,"Conrad_Almayer_1895_2","Conrad"
631,"Conrad_Almayer_1895_3","Conrad"
632,"Conrad_Almayer_1895_4","Conrad"
633,"Conrad_Almayer_1895_5","Conrad"
634,"Conrad_Almayer_1895_6","Conrad"
635,"Conrad_Almayer_1895_7","Conrad"
636,"Conrad_Almayer_1895_8","Conrad"
637,"Conrad_Almayer_1895_9","Conrad"
638,"Conrad_Almayer_1895_10","Conrad"
639,"Conrad_Almayer_1895_11","Conrad"
640,"Conrad_Almayer_1895_12","Conrad"
641,"Conrad_Almayer_1895_13","Conrad"
642,"Conrad_Almayer_1895_14","Conrad"
643,"Conrad_Almayer_1895_15","Conrad"
644,"Conrad_Almayer_1895_16","Conrad"
645,"Conrad_Almayer_1895_17","Conrad"
646,"Conrad_Almayer_1895_18","Conrad"
647,"Conrad_Almayer_1895_19","Conrad"
648,"Conrad_Almayer_1895_20","Conrad"
649,"Conrad_Almayer_1895_21","Conrad"
650,"Conrad_Almayer_1895_22","Conrad"
651,"Conrad_Almayer_1895_23","Conrad"
652,"Conrad_Almayer_1895_24","Conrad"
653,"Conrad_Almayer_1895_25","Conrad"
654,"Conrad_Almayer_1895_26","Conrad"
655,"Conrad_Almayer_1895_27","Conrad"
656,"Conrad_Almayer_1895_28","Conrad"
657,"Conrad_Almayer_1895_29","Conrad"
658,"Conrad_Almayer_1895_30","Conrad"
659,"Conrad_Almayer_1895_31","Conrad"
660,"Conrad_Almayer_1895_32","Conrad"
661,"Conrad_Almayer_1895_33","Conrad"
662,"Conrad_Almayer_1895_34","Conrad"
663,"Conrad_Almayer_1895_35","Conrad"
664,"Conrad_Almayer_1895_36","Conrad"
665,"Conrad_Almayer_1895_37","Conrad"
666,"Conrad_Almayer_1895_38","Conrad"
667,"Conrad_Almayer_1895_39","Conrad"
668,"Conrad_Almayer_1895_40","Conrad"
669,"Conrad_Almayer_1895_41","Conrad"
670,"Conrad_Almayer_1895_42","Conrad"
671,"Conrad_Almayer_1895_43","Conrad"
672,"Conrad_Almayer_1895_44","Conrad"
673,"Conrad_Almayer_1895_45","Conrad"
674,"Conrad_Almayer_1895_46","Conrad"
675,"Conrad_Almayer_1895_47","Conrad"
676,"Conrad_Almayer_1895_48","Conrad"
677,"Conrad_Almayer_1895_49","Conrad"
678,"Conrad_Almayer_1895_50","Conrad"
679,"Conrad_Almayer_1895_51","Conrad"
680,"Conrad_Almayer_1895_52","Conrad"
681,"Conrad_Almayer_1895_53","Conrad"
682,"Conrad_Almayer_1895_54","Conrad"
683,"Conrad_Almayer_1895_55","Conrad"
684,"Conrad_Almayer_1895_56","Conrad"
685,"Conrad_Almayer_1895_57","Conrad"
686,"Conrad_Almayer_1895_58","Conrad"
687,"Conrad_Almayer_1895_59","Conrad"
688,"Conrad_Almayer_1895_60","Conrad"
689,"Conrad_Almayer_1895_61","Conrad"
690,"Conrad_Almayer_1895_62","Conrad"
691,"Conrad_Almayer_1895_63","Conrad"
692,"Conrad_Nostromo_1904_1","Conrad"
693,"Conrad_Nostromo_1904_2","Conrad"
694,"Conrad_Nostromo_1904_3","Conrad"
695,"Conrad_Nostromo_1904_4","Conrad"
696,"Conrad_Nostromo_1904_5","Conrad"
697,"Conrad_Nostromo_1904_6","Conrad"
698,"Conrad_Nostromo_1904_7","Conrad"
699,"Conrad_Nostromo_1904_8","Conrad"
700,"Conrad_Nostromo_1904_9","Conrad"
701,"Conrad_Nostromo_1904_10","Conrad"
702,"Conrad_Nostromo_1904_11","Conrad"
703,"Conrad_Nostromo_1904_12","Conrad"
704,"Conrad_Nostromo_1904_13","Conrad"
705,"Conrad_Nostromo_1904_14","Conrad"
706,"Conrad_Nostromo_1904_15","Conrad"
707,"Conrad_Nostromo_1904_16","Conrad"
708,"Conrad_Nostromo_1904_17","Conrad"
709,"Conrad_Nostromo_1904_18","Conrad"
710,"Conrad_Nostromo_1904_19","Conrad"
711,"Conrad_Nostromo_1904_20","Conrad"
712,"Conrad_Nostromo_1904_21","Conrad"
713,"Conrad_Nostromo_1904_22","Conrad"
714,"Conrad_Nostromo_1904_23","Conrad"
715,"Conrad_Nostromo_1904_24","Conrad"
716,"Conrad_Nostromo_1904_25","Conrad"
717,"Conrad_Nostromo_1904_26","Conrad"
718,"Conrad_Nostromo_1904_27","Conrad"
719,"Conrad_Nostromo_1904_28","Conrad"
720,"Conrad_Nostromo_1904_29","Conrad"
721,"Conrad_Nostromo_1904_30","Conrad"
722,"Conrad_Nostromo_1904_31","Conrad"
723,"Conrad_Nostromo_1904_32","Conrad"
724,"Conrad_Nostromo_1904_33","Conrad"
725,"Conrad_Nostromo_1904_34","Conrad"
726,"Conrad_Nostromo_1904_35","Conrad"
727,"Conrad_Nostromo_1904_36","Conrad"
728,"Conrad_Nostromo_1904_37","Conrad"
729,"Conrad_Nostromo_1904_38","Conrad"
730,"Conrad_Nostromo_1904_39","Conrad"
731,"Conrad_Nostromo_1904_40","Conrad"
732,"Conrad_Nostromo_1904_41","Conrad"
733,"Conrad_Nostromo_1904_42","Conrad"
734,"Conrad_Nostromo_1904_43","Conrad"
735,"Conrad_Nostromo_1904_44","Conrad"
736,"Conrad_Nostromo_1904_45","Conrad"
737,"Conrad_Nostromo_1904_46","Conrad"
738,"Conrad_Nostromo_1904_47","Conrad"
739,"Conrad_Nostromo_1904_48","Conrad"
740,"Conrad_Nostromo_1904_49","Conrad"
741,"Conrad_Nostromo_1904_50","Conrad"
742,"Conrad_Nostromo_1904_51","Conrad"
743,"Conrad_Nostromo_1904_52","Conrad"
744,"Conrad_Nostromo_1904_53","Conrad"
745,"Conrad_Nostromo_1904_54","Conrad"
746,"Conrad_Nostromo_1904_55","Conrad"
747,"Conrad_Nostromo_1904_56","Conrad"
748,"Conrad_Nostromo_1904_57","Conrad"
749,"Conrad_Nostromo_1904_58","Conrad"
750,"Conrad_Nostromo_1904_59","Conrad"
751,"Conrad_Nostromo_1904_60","Conrad"
752,"Conrad_Nostromo_1904_61","Conrad"
753,"Conrad_Nostromo_1904_62","Conrad"
754,"Conrad_Nostromo_1904_63","Conrad"
755,"Conrad_Nostromo_1904_64","Conrad"
756,"Conrad_Nostromo_1904_65","Conrad"
757,"Conrad_Nostromo_1904_66","Conrad"
758,"Conrad_Nostromo_1904_67","Conrad"
759,"Conrad_Nostromo_1904_68","Conrad"
760,"Conrad_Nostromo_1904_69","Conrad"
761,"Conrad_Nostromo_1904_70","Conrad"
762,"Conrad_Nostromo_1904_71","Conrad"
763,"Conrad_Nostromo_1904_72","Conrad"
764,"Conrad_Nostromo_1904_73","Conrad"
765,"Conrad_Nostromo_1904_74","Conrad"
766,"Conrad_Nostromo_1904_75","Conrad"
767,"Conrad_Nostromo_1904_76","Conrad"
768,"Conrad_Nostromo_1904_77","Conrad"
769,"Conrad_Nostromo_1904_78","Conrad"
770,"Conrad_Nostromo_1904_79","Conrad"
771,"Conrad_Nostromo_1904_80","Conrad"
772,"Conrad_Nostromo_1904_81","Conrad"
773,"Conrad_Nostromo_1904_82","Conrad"
774,"Conrad_Nostromo_1904_83","Conrad"
775,"Conrad_Nostromo_1904_84","Conrad"
776,"Conrad_Nostromo_1904_85","Conrad"
777,"Conrad_Nostromo_1904_86","Conrad"
778,"Conrad_Nostromo_1904_87","Conrad"
779,"Conrad_Nostromo_1904_88","Conrad"
780,"Conrad_Nostromo_1904_89","Conrad"
781,"Conrad_Nostromo_1904_90","Conrad"
782,"Conrad_Nostromo_1904_91","Conrad"
783,"Conrad_Nostromo_1904_92","Conrad"
784,"Conrad_Nostromo_1904_93","Conrad"
785,"Conrad_Nostromo_1904_94","Conrad"
786,"Conrad_Nostromo_1904_95","Conrad"
787,"Conrad_Nostromo_1904_96","Conrad"
788,"Conrad_Nostromo_1904_97","Conrad"
789,"Conrad_Nostromo_1904_98","Conrad"
790,"Conrad_Nostromo_1904_99","Conrad"
791,"Conrad_Nostromo_1904_100","Conrad"
792,"Conrad_Nostromo_1904_101","Conrad"
793,"Conrad_Nostromo_1904_102","Conrad"
794,"Conrad_Nostromo_1904_103","Conrad"
795,"Conrad_Nostromo_1904_104","Conrad"
796,"Conrad_Nostromo_1904_105","Conrad"
797,"Conrad_Nostromo_1904_106","Conrad"
798,"Conrad_Nostromo_1904_107","Conrad"
799,"Conrad_Nostromo_1904_108","Conrad"
800,"Conrad_Nostromo_1904_109","Conrad"
801,"Conrad_Nostromo_1904_110","Conrad"
802,"Conrad_Nostromo_1904_111","Conrad"
803,"Conrad_Nostromo_1904_112","Conrad"
804,"Conrad_Nostromo_1904_113","Conrad"
805,"Conrad_Nostromo_1904_114","Conrad"
806,"Conrad_Nostromo_1904_115","Conrad"
807,"Conrad_Nostromo_1904_116","Conrad"
808,"Conrad_Nostromo_1904_117","Conrad"
809,"Conrad_Nostromo_1904_118","Conrad"
810,"Conrad_Nostromo_1904_119","Conrad"
811,"Conrad_Nostromo_1904_120","Conrad"
812,"Conrad_Nostromo_1904_121","Conrad"
813,"Conrad_Nostromo_1904_122","Conrad"
814,"Conrad_Nostromo_1904_123","Conrad"
815,"Conrad_Nostromo_1904_124","Conrad"
816,"Conrad_Nostromo_1904_125","Conrad"
817,"Conrad_Nostromo_1904_126","Conrad"
818,"Conrad_Nostromo_1904_127","Conrad"
819,"Conrad_Nostromo_1904_128","Conrad"
820,"Conrad_Nostromo_1904_129","Conrad"
821,"Conrad_Nostromo_1904_130","Conrad"
822,"Conrad_Nostromo_1904_131","Conrad"
823,"Conrad_Nostromo_1904_132","Conrad"
824,"Conrad_Nostromo_1904_133","Conrad"
825,"Conrad_Nostromo_1904_134","Conrad"
826,"Conrad_Nostromo_1904_135","Conrad"
827,"Conrad_Nostromo_1904_136","Conrad"
828,"Conrad_Nostromo_1904_137","Conrad"
829,"Conrad_Nostromo_1904_138","Conrad"
830,"Conrad_Nostromo_1904_139","Conrad"
831,"Conrad_Nostromo_1904_140","Conrad"
832,"Conrad_Nostromo_1904_141","Conrad"
833,"Conrad_Nostromo_1904_142","Conrad"
834,"Conrad_Nostromo_1904_143","Conrad"
835,"Conrad_Nostromo_1904_144","Conrad"
836,"Conrad_Nostromo_1904_145","Conrad"
837,"Conrad_Nostromo_1904_146","Conrad"
838,"Conrad_Nostromo_1904_147","Conrad"
839,"Conrad_Nostromo_1904_148","Conrad"
840,"Conrad_Nostromo_1904_149","Conrad"
841,"Conrad_Nostromo_1904_150","Conrad"
842,"Conrad_Nostromo_1904_151","Conrad"
843,"Conrad_Nostromo_1904_152","Conrad"
844,"Conrad_Nostromo_1904_153","Conrad"
845,"Conrad_Nostromo_1904_154","Conrad"
846,"Conrad_Nostromo_1904_155","Conrad"
847,"Conrad_Nostromo_1904_156","Conrad"
848,"Conrad_Nostromo_1904_157","Conrad"
849,"Conrad_Nostromo_1904_158","Conrad"
850,"Conrad_Nostromo_1904_159","Conrad"
851,"Conrad_Nostromo_1904_160","Conrad"
852,"Conrad_Nostromo_1904_161","Conrad"
853,"Conrad_Nostromo_1904_162","Conrad"
854,"Conrad_Nostromo_1904_163","Conrad"
855,"Conrad_Nostromo_1904_164","Conrad"
856,"Conrad_Nostromo_1904_165","Conrad"
857,"Conrad_Nostromo_1904_166","Conrad"
858,"Conrad_Nostromo_1904_167","Conrad"
859,"Conrad_Nostromo_1904_168","Conrad"
860,"Conrad_Nostromo_1904_169","Conrad"
861,"Conrad_Nostromo_1904_170","Conrad"
862,"Conrad_Nostromo_1904_171","Conrad"
863,"Conrad_Nostromo_1904_172","Conrad"
864,"Conrad_Rover_1923_1","Conrad"
865,"Conrad_Rover_1923_2","Conrad"
866,"Conrad_Rover_1923_3","Conrad"
867,"Conrad_Rover_1923_4","Conrad"
868,"Conrad_Rover_1923_5","Conrad"
869,"Conrad_Rover_1923_6","Conrad"
870,"Conrad_Rover_1923_7","Conrad"
871,"Conrad_Rover_1923_8","Conrad"
872,"Conrad_Rover_1923_9","Conrad"
873,"Conrad_Rover_1923_10","Conrad"
874,"Conrad_Rover_1923_11","Conrad"
875,"Conrad_Rover_1923_12","Conrad"
876,"Conrad_Rover_1923_13","Conrad"
877,"Conrad_Rover_1923_14","Conrad"
878,"Conrad_Rover_1923_15","Conrad"
879,"Conrad_Rover_1923_16","Conrad"
880,"Conrad_Rover_1923_17","Conrad"
881,"Conrad_Rover_1923_18","Conrad"
882,"Conrad_Rover_1923_19","Conrad"
883,"Conrad_Rover_1923_20","Conrad"
884,"Conrad_Rover_1923_21","Conrad"
885,"Conrad_Rover_1923_22","Conrad"
886,"Conrad_Rover_1923_23","Conrad"
887,"Conrad_Rover_1923_24","Conrad"
888,"Conrad_Rover_1923_25","Conrad"
889,"Conrad_Rover_1923_26","Conrad"
890,"Conrad_Rover_1923_27","Conrad"
891,"Conrad_Rover_1923_28","Conrad"
892,"Conrad_Rover_1923_29","Conrad"
893,"Conrad_Rover_1923_30","Conrad"
894,"Conrad_Rover_1923_31","Conrad"
895,"Conrad_Rover_1923_32","Conrad"
896,"Conrad_Rover_1923_33","Conrad"
897,"Conrad_Rover_1923_34","Conrad"
898,"Conrad_Rover_1923_35","Conrad"
899,"Conrad_Rover_1923_36","Conrad"
900,"Conrad_Rover_1923_37","Conrad"
901,"Conrad_Rover_1923_38","Conrad"
902,"Conrad_Rover_1923_39","Conrad"
903,"Conrad_Rover_1923_40","Conrad"
904,"Conrad_Rover_1923_41","Conrad"
905,"Conrad_Rover_1923_42","Conrad"
906,"Conrad_Rover_1923_43","Conrad"
907,"Conrad_Rover_1923_44","Conrad"
908,"Conrad_Rover_1923_45","Conrad"
909,"Conrad_Rover_1923_46","Conrad"
910,"Conrad_Rover_1923_47","Conrad"
911,"Conrad_Rover_1923_48","Conrad"
912,"Conrad_Rover_1923_49","Conrad"
913,"Conrad_Rover_1923_50","Conrad"
914,"Conrad_Rover_1923_51","Conrad"
915,"Conrad_Rover_1923_52","Conrad"
916,"Conrad_Rover_1923_53","Conrad"
917,"Conrad_Rover_1923_54","Conrad"
918,"Conrad_Rover_1923_55","Conrad"
919,"Conrad_Rover_1923_56","Conrad"
920,"Conrad_Rover_1923_57","Conrad"
921,"Conrad_Rover_1923_58","Conrad"
922,"Conrad_Rover_1923_59","Conrad"
923,"Conrad_Rover_1923_60","Conrad"
924,"Conrad_Rover_1923_61","Conrad"
925,"Conrad_Rover_1923_62","Conrad"
926,"Conrad_Rover_1923_63","Conrad"
927,"Conrad_Rover_1923_64","Conrad"
928,"Conrad_Rover_1923_65","Conrad"
929,"Conrad_Rover_1923_66","Conrad"
930,"Conrad_Rover_1923_67","Conrad"
931,"Conrad_Rover_1923_68","Conrad"
932,"Conrad_Rover_1923_69","Conrad"
933,"Conrad_Rover_1923_70","Conrad"
934,"Conrad_Rover_1923_71","Conrad"
935,"Conrad_Rover_1923_72","Conrad"
936,"Conrad_Rover_1923_73","Conrad"
937,"Conrad_Rover_1923_74","Conrad"
938,"Conrad_Rover_1923_75","Conrad"
939,"Conrad_Rover_1923_76","Conrad"
940,"Conrad_Rover_1923_77","Conrad"
941,"Conrad_Rover_1923_78","Conrad"
942,"Conrad_Rover_1923_79","Conrad"
943,"Conrad_Rover_1923_80","Conrad"
944,"Conrad_Rover_1923_81","Conrad"
945,"Conrad_Rover_1923_82","Conrad"
946,"Conrad_Rover_1923_83","Conrad"
947,"Conrad_Rover_1923_84","Conrad"
948,"Conrad_Rover_1923_85","Conrad"
949,"Conrad_Rover_1923_86","Conrad"
950,"Conrad_Rover_1923_87","Conrad"
951,"Conrad_Rover_1923_88","Conrad"
952,"Doyle_Hound_1902_1","Doyle"
953,"Doyle_Hound_1902_2","Doyle"
954,"Doyle_Hound_1902_3","Doyle"
955,"Doyle_Hound_1902_4","Doyle"
956,"Doyle_Hound_1902_5","Doyle"
957,"Doyle_Hound_1902_6","Doyle"
958,"Doyle_Hound_1902_7","Doyle"
959,"Doyle_Hound_1902_8","Doyle"
960,"Doyle_Hound_1902_9","Doyle"
961,"Doyle_Hound_1902_10","Doyle"
962,"Doyle_Hound_1902_11","Doyle"
963,"Doyle_Hound_1902_12","Doyle"
964,"Doyle_Hound_1902_13","Doyle"
965,"Doyle_Hound_1902_14","Doyle"
966,"Doyle_Hound_1902_15","Doyle"
967,"Doyle_Hound_1902_16","Doyle"
968,"Doyle_Hound_1902_17","Doyle"
969,"Doyle_Hound_1902_18","Doyle"
970,"Doyle_Hound_1902_19","Doyle"
971,"Doyle_Hound_1902_20","Doyle"
972,"Doyle_Hound_1902_21","Doyle"
973,"Doyle_Hound_1902_22","Doyle"
974,"Doyle_Hound_1902_23","Doyle"
975,"Doyle_Hound_1902_24","Doyle"
976,"Doyle_Hound_1902_25","Doyle"
977,"Doyle_Hound_1902_26","Doyle"
978,"Doyle_Hound_1902_27","Doyle"
979,"Doyle_Hound_1902_28","Doyle"
980,"Doyle_Hound_1902_29","Doyle"
981,"Doyle_Hound_1902_30","Doyle"
982,"Doyle_Hound_1902_31","Doyle"
983,"Doyle_Hound_1902_32","Doyle"
984,"Doyle_Hound_1902_33","Doyle"
985,"Doyle_Hound_1902_34","Doyle"
986,"Doyle_Hound_1902_35","Doyle"
987,"Doyle_Hound_1902_36","Doyle"
988,"Doyle_Hound_1902_37","Doyle"
989,"Doyle_Hound_1902_38","Doyle"
990,"Doyle_Hound_1902_39","Doyle"
991,"Doyle_Hound_1902_40","Doyle"
992,"Doyle_Hound_1902_41","Doyle"
993,"Doyle_Hound_1902_42","Doyle"
994,"Doyle_Hound_1902_43","Doyle"
995,"Doyle_Hound_1902_44","Doyle"
996,"Doyle_Hound_1902_45","Doyle"
997,"Doyle_Hound_1902_46","Doyle"
998,"Doyle_Hound_1902_47","Doyle"
999,"Doyle_Hound_1902_48","Doyle"
1000,"Doyle_Hound_1902_49","Doyle"
1001,"Doyle_Hound_1902_50","Doyle"
1002,"Doyle_Hound_1902_51","Doyle"
1003,"Doyle_Hound_1902_52","Doyle"
1004,"Doyle_Hound_1902_53","Doyle"
1005,"Doyle_Hound_1902_54","Doyle"
1006,"Doyle_Hound_1902_55","Doyle"
1007,"Doyle_Hound_1902_56","Doyle"
1008,"Doyle_Hound_1902_57","Doyle"
1009,"Doyle_Hound_1902_58","Doyle"
1010,"Doyle_Hound_1902_59","Doyle"
1011,"Doyle_Hound_1902_60","Doyle"
1012,"Doyle_Lost_1912_1","Doyle"
1013,"Doyle_Lost_1912_2","Doyle"
1014,"Doyle_Lost_1912_3","Doyle"
1015,"Doyle_Lost_1912_4","Doyle"
1016,"Doyle_Lost_1912_5","Doyle"
1017,"Doyle_Lost_1912_6","Doyle"
1018,"Doyle_Lost_1912_7","Doyle"
1019,"Doyle_Lost_1912_8","Doyle"
1020,"Doyle_Lost_1912_9","Doyle"
1021,"Doyle_Lost_1912_10","Doyle"
1022,"Doyle_Lost_1912_11","Doyle"
1023,"Doyle_Lost_1912_12","Doyle"
1024,"Doyle_Lost_1912_13","Doyle"
1025,"Doyle_Lost_1912_14","Doyle"
1026,"Doyle_Lost_1912_15","Doyle"
1027,"Doyle_Lost_1912_16","Doyle"
1028,"Doyle_Lost_1912_17","Doyle"
1029,"Doyle_Lost_1912_18","Doyle"
1030,"Doyle_Lost_1912_19","Doyle"
1031,"Doyle_Lost_1912_20","Doyle"
1032,"Doyle_Lost_1912_21","Doyle"
1033,"Doyle_Lost_1912_22","Doyle"
1034,"Doyle_Lost_1912_23","Doyle"
1035,"Doyle_Lost_1912_24","Doyle"
1036,"Doyle_Lost_1912_25","Doyle"
1037,"Doyle_Lost_1912_26","Doyle"
1038,"Doyle_Lost_1912_27","Doyle"
1039,"Doyle_Lost_1912_28","Doyle"
1040,"Doyle_Lost_1912_29","Doyle"
1041,"Doyle_Lost_1912_30","Doyle"
1042,"Doyle_Lost_1912_31","Doyle"
1043,"Doyle_Lost_1912_32","Doyle"
1044,"Doyle_Lost_1912_33","Doyle"
1045,"Doyle_Lost_1912_34","Doyle"
1046,"Doyle_Lost_1912_35","Doyle"
1047,"Doyle_Lost_1912_36","Doyle"
1048,"Doyle_Lost_1912_37","Doyle"
1049,"Doyle_Lost_1912_38","Doyle"
1050,"Doyle_Lost_1912_39","Doyle"
1051,"Doyle_Lost_1912_40","Doyle"
1052,"Doyle_Lost_1912_41","Doyle"
1053,"Doyle_Lost_1912_42","Doyle"
1054,"Doyle_Lost_1912_43","Doyle"
1055,"Doyle_Lost_1912_44","Doyle"
1056,"Doyle_Lost_1912_45","Doyle"
1057,"Doyle_Lost_1912_46","Doyle"
1058,"Doyle_Lost_1912_47","Doyle"
1059,"Doyle_Lost_1912_48","Doyle"
1060,"Doyle_Lost_1912_49","Doyle"
1061,"Doyle_Lost_1912_50","Doyle"
1062,"Doyle_Lost_1912_51","Doyle"
1063,"Doyle_Lost_1912_52","Doyle"
1064,"Doyle_Lost_1912_53","Doyle"
1065,"Doyle_Lost_1912_54","Doyle"
1066,"Doyle_Lost_1912_55","Doyle"
1067,"Doyle_Lost_1912_56","Doyle"
1068,"Doyle_Lost_1912_57","Doyle"
1069,"Doyle_Lost_1912_58","Doyle"
1070,"Doyle_Lost_1912_59","Doyle"
1071,"Doyle_Lost_1912_60","Doyle"
1072,"Doyle_Lost_1912_61","Doyle"
1073,"Doyle_Lost_1912_62","Doyle"
1074,"Doyle_Lost_1912_63","Doyle"
1075,"Doyle_Lost_1912_64","Doyle"
1076,"Doyle_Lost_1912_65","Doyle"
1077,"Doyle_Lost_1912_66","Doyle"
1078,"Doyle_Lost_1912_67","Doyle"
1079,"Doyle_Lost_1912_68","Doyle"
1080,"Doyle_Lost_1912_69","Doyle"
1081,"Doyle_Lost_1912_70","Doyle"
1082,"Doyle_Lost_1912_71","Doyle"
1083,"Doyle_Lost_1912_72","Doyle"
1084,"Doyle_Lost_1912_73","Doyle"
1085,"Doyle_Lost_1912_74","Doyle"
1086,"Doyle_Lost_1912_75","Doyle"
1087,"Doyle_Lost_1912_76","Doyle"
1088,"Doyle_Lost_1912_77","Doyle"
1089,"Doyle_Study_1887_1","Doyle"
1090,"Doyle_Study_1887_2","Doyle"
1091,"Doyle_Study_1887_3","Doyle"
1092,"Doyle_Study_1887_4","Doyle"
1093,"Doyle_Study_1887_5","Doyle"
1094,"Doyle_Study_1887_6","Doyle"
1095,"Doyle_Study_1887_7","Doyle"
1096,"Doyle_Study_1887_8","Doyle"
1097,"Doyle_Study_1887_9","Doyle"
1098,"Doyle_Study_1887_10","Doyle"
1099,"Doyle_Study_1887_11","Doyle"
1100,"Doyle_Study_1887_12","Doyle"
1101,"Doyle_Study_1887_13","Doyle"
1102,"Doyle_Study_1887_14","Doyle"
1103,"Doyle_Study_1887_15","Doyle"
1104,"Doyle_Study_1887_16","Doyle"
1105,"Doyle_Study_1887_17","Doyle"
1106,"Doyle_Study_1887_18","Doyle"
1107,"Doyle_Study_1887_19","Doyle"
1108,"Doyle_Study_1887_20","Doyle"
1109,"Doyle_Study_1887_21","Doyle"
1110,"Doyle_Study_1887_22","Doyle"
1111,"Doyle_Study_1887_23","Doyle"
1112,"Doyle_Study_1887_24","Doyle"
1113,"Doyle_Study_1887_25","Doyle"
1114,"Doyle_Study_1887_26","Doyle"
1115,"Doyle_Study_1887_27","Doyle"
1116,"Doyle_Study_1887_28","Doyle"
1117,"Doyle_Study_1887_29","Doyle"
1118,"Doyle_Study_1887_30","Doyle"
1119,"Doyle_Study_1887_31","Doyle"
1120,"Doyle_Study_1887_32","Doyle"
1121,"Doyle_Study_1887_33","Doyle"
1122,"Doyle_Study_1887_34","Doyle"
1123,"Doyle_Study_1887_35","Doyle"
1124,"Doyle_Study_1887_36","Doyle"
1125,"Doyle_Study_1887_37","Doyle"
1126,"Doyle_Study_1887_38","Doyle"
1127,"Doyle_Study_1887_39","Doyle"
1128,"Doyle_Study_1887_40","Doyle"
1129,"Doyle_Study_1887_41","Doyle"
1130,"Doyle_Study_1887_42","Doyle"
1131,"Doyle_Study_1887_43","Doyle"
1132,"Doyle_Study_1887_44","Doyle"
1133,"Woolf_Lighthouse_1927_1","Woolf"
1134,"Woolf_Lighthouse_1927_2","Woolf"
1135,"Woolf_Lighthouse_1927_3","Woolf"
1136,"Woolf_Lighthouse_1927_4","Woolf"
1137,"Woolf_Lighthouse_1927_5","Woolf"
1138,"Woolf_Lighthouse_1927_6","Woolf"
1139,"Woolf_Lighthouse_1927_7","Woolf"
1140,"Woolf_Lighthouse_1927_8","Woolf"
1141,"Woolf_Lighthouse_1927_9","Woolf"
1142,"Woolf_Lighthouse_1927_10","Woolf"
1143,"Woolf_Lighthouse_1927_11","Woolf"
1144,"Woolf_Lighthouse_1927_12","Woolf"
1145,"Woolf_Lighthouse_1927_13","Woolf"
1146,"Woolf_Lighthouse_1927_14","Woolf"
1147,"Woolf_Lighthouse_1927_15","Woolf"
1148,"Woolf_Lighthouse_1927_16","Woolf"
1149,"Woolf_Lighthouse_1927_17","Woolf"
1150,"Woolf_Lighthouse_1927_18","Woolf"
1151,"Woolf_Lighthouse_1927_19","Woolf"
1152,"Woolf_Lighthouse_1927_20","Woolf"
1153,"Woolf_Lighthouse_1927_21","Woolf"
1154,"Woolf_Lighthouse_1927_22","Woolf"
1155,"Woolf_Lighthouse_1927_23","Woolf"
1156,"Woolf_Lighthouse_1927_24","Woolf"
1157,"Woolf_Lighthouse_1927_25","Woolf"
1158,"Woolf_Lighthouse_1927_26","Woolf"
1159,"Woolf_Lighthouse_1927_27","Woolf"
1160,"Woolf_Lighthouse_1927_28","Woolf"
1161,"Woolf_Lighthouse_1927_29","Woolf"
1162,"Woolf_Lighthouse_1927_30","Woolf"
1163,"Woolf_Lighthouse_1927_31","Woolf"
1164,"Woolf_Lighthouse_1927_32","Woolf"
1165,"Woolf_Lighthouse_1927_33","Woolf"
1166,"Woolf_Lighthouse_1927_34","Woolf"
1167,"Woolf_Lighthouse_1927_35","Woolf"
1168,"Woolf_Lighthouse_1927_36","Woolf"
1169,"Woolf_Lighthouse_1927_37","Woolf"
1170,"Woolf_Lighthouse_1927_38","Woolf"
1171,"Woolf_Lighthouse_1927_39","Woolf"
1172,"Woolf_Lighthouse_1927_40","Woolf"
1173,"Woolf_Lighthouse_1927_41","Woolf"
1174,"Woolf_Lighthouse_1927_42","Woolf"
1175,"Woolf_Lighthouse_1927_43","Woolf"
1176,"Woolf_Lighthouse_1927_44","Woolf"
1177,"Woolf_Lighthouse_1927_45","Woolf"
1178,"Woolf_Lighthouse_1927_46","Woolf"
1179,"Woolf_Lighthouse_1927_47","Woolf"
1180,"Woolf_Lighthouse_1927_48","Woolf"
1181,"Woolf_Lighthouse_1927_49","Woolf"
1182,"Woolf_Lighthouse_1927_50","Woolf"
1183,"Woolf_Lighthouse_1927_51","Woolf"
1184,"Woolf_Lighthouse_1927_52","Woolf"
1185,"Woolf_Lighthouse_1927_53","Woolf"
1186,"Woolf_Lighthouse_1927_54","Woolf"
1187,"Woolf_Lighthouse_1927_55","Woolf"
1188,"Woolf_Lighthouse_1927_56","Woolf"
1189,"Woolf_Lighthouse_1927_57","Woolf"
1190,"Woolf_Lighthouse_1927_58","Woolf"
1191,"Woolf_Lighthouse_1927_59","Woolf"
1192,"Woolf_Lighthouse_1927_60","Woolf"
1193,"Woolf_Lighthouse_1927_61","Woolf"
1194,"Woolf_Lighthouse_1927_62","Woolf"
1195,"Woolf_Lighthouse_1927_63","Woolf"
1196,"Woolf_Lighthouse_1927_64","Woolf"
1197,"Woolf_Lighthouse_1927_65","Woolf"
1198,"Woolf_Lighthouse_1927_66","Woolf"
1199,"Woolf_Lighthouse_1927_67","Woolf"
1200,"Woolf_Lighthouse_1927_68","Woolf"
1201,"Woolf_Lighthouse_1927_69","Woolf"
1202,"Woolf_Lighthouse_1927_70","Woolf"
1203,"Woolf_Night_1919_1","Woolf"
1204,"Woolf_Night_1919_2","Woolf"
1205,"Woolf_Night_1919_3","Woolf"
1206,"Woolf_Night_1919_4","Woolf"
1207,"Woolf_Night_1919_5","Woolf"
1208,"Woolf_Night_1919_6","Woolf"
1209,"Woolf_Night_1919_7","Woolf"
1210,"Woolf_Night_1919_8","Woolf"
1211,"Woolf_Night_1919_9","Woolf"
1212,"Woolf_Night_1919_10","Woolf"
1213,"Woolf_Night_1919_11","Woolf"
1214,"Woolf_Night_1919_12","Woolf"
1215,"Woolf_Night_1919_13","Woolf"
1216,"Woolf_Night_1919_14","Woolf"
1217,"Woolf_Night_1919_15","Woolf"
1218,"Woolf_Night_1919_16","Woolf"
1219,"Woolf_Night_1919_17","Woolf"
1220,"Woolf_Night_1919_18","Woolf"
1221,"Woolf_Night_1919_19","Woolf"
1222,"Woolf_Night_1919_20","Woolf"
1223,"Woolf_Night_1919_21","Woolf"
1224,"Woolf_Night_1919_22","Woolf"
1225,"Woolf_Night_1919_23","Woolf"
1226,"Woolf_Night_1919_24","Woolf"
1227,"Woolf_Night_1919_25","Woolf"
1228,"Woolf_Night_1919_26","Woolf"
1229,"Woolf_Night_1919_27","Woolf"
1230,"Woolf_Night_1919_28","Woolf"
1231,"Woolf_Night_1919_29","Woolf"
1232,"Woolf_Night_1919_30","Woolf"
1233,"Woolf_Night_1919_31","Woolf"
1234,"Woolf_Night_1919_32","Woolf"
1235,"Woolf_Night_1919_33","Woolf"
1236,"Woolf_Night_1919_34","Woolf"
1237,"Woolf_Night_1919_35","Woolf"
1238,"Woolf_Night_1919_36","Woolf"
1239,"Woolf_Night_1919_37","Woolf"
1240,"Woolf_Night_1919_38","Woolf"
1241,"Woolf_Night_1919_39","Woolf"
1242,"Woolf_Night_1919_40","Woolf"
1243,"Woolf_Night_1919_41","Woolf"
1244,"Woolf_Night_1919_42","Woolf"
1245,"Woolf_Night_1919_43","Woolf"
1246,"Woolf_Night_1919_44","Woolf"
1247,"Woolf_Night_1919_45","Woolf"
1248,"Woolf_Night_1919_46","Woolf"
1249,"Woolf_Night_1919_47","Woolf"
1250,"Woolf_Night_1919_48","Woolf"
1251,"Woolf_Night_1919_49","Woolf"
1252,"Woolf_Night_1919_50","Woolf"
1253,"Woolf_Night_1919_51","Woolf"
1254,"Woolf_Night_1919_52","Woolf"
1255,"Woolf_Night_1919_53","Woolf"
1256,"Woolf_Night_1919_54","Woolf"
1257,"Woolf_Night_1919_55","Woolf"
1258,"Woolf_Night_1919_56","Woolf"
1259,"Woolf_Night_1919_57","Woolf"
1260,"Woolf_Night_1919_58","Woolf"
1261,"Woolf_Night_1919_59","Woolf"
1262,"Woolf_Night_1919_60","Woolf"
1263,"Woolf_Night_1919_61","Woolf"
1264,"Woolf_Night_1919_62","Woolf"
1265,"Woolf_Night_1919_63","Woolf"
1266,"Woolf_Night_1919_64","Woolf"
1267,"Woolf_Night_1919_65","Woolf"
1268,"Woolf_Night_1919_66","Woolf"
1269,"Woolf_Night_1919_67","Woolf"
1270,"Woolf_Night_1919_68","Woolf"
1271,"Woolf_Night_1919_69","Woolf"
1272,"Woolf_Night_1919_70","Woolf"
1273,"Woolf_Night_1919_71","Woolf"
1274,"Woolf_Night_1919_72","Woolf"
1275,"Woolf_Night_1919_73","Woolf"
1276,"Woolf_Night_1919_74","Woolf"
1277,"Woolf_Night_1919_75","Woolf"
1278,"Woolf_Night_1919_76","Woolf"
1279,"Woolf_Night_1919_77","Woolf"
1280,"Woolf_Night_1919_78","Woolf"
1281,"Woolf_Night_1919_79","Woolf"
1282,"Woolf_Night_1919_80","Woolf"
1283,"Woolf_Night_1919_81","Woolf"
1284,"Woolf_Night_1919_82","Woolf"
1285,"Woolf_Night_1919_83","Woolf"
1286,"Woolf_Night_1919_84","Woolf"
1287,"Woolf_Night_1919_85","Woolf"
1288,"Woolf_Night_1919_86","Woolf"
1289,"Woolf_Night_1919_87","Woolf"
1290,"Woolf_Night_1919_88","Woolf"
1291,"Woolf_Night_1919_89","Woolf"
1292,"Woolf_Night_1919_90","Woolf"
1293,"Woolf_Night_1919_91","Woolf"
1294,"Woolf_Night_1919_92","Woolf"
1295,"Woolf_Night_1919_93","Woolf"
1296,"Woolf_Night_1919_94","Woolf"
1297,"Woolf_Night_1919_95","Woolf"
1298,"Woolf_Night_1919_96","Woolf"
1299,"Woolf_Night_1919_97","Woolf"
1300,"Woolf_Night_1919_98","Woolf"
1301,"Woolf_Night_1919_99","Woolf"
1302,"Woolf_Night_1919_100","Woolf"
1303,"Woolf_Night_1919_101","Woolf"
1304,"Woolf_Night_1919_102","Woolf"
1305,"Woolf_Night_1919_103","Woolf"
1306,"Woolf_Night_1919_104","Woolf"
1307,"Woolf_Night_1919_105","Woolf"
1308,"Woolf_Night_1919_106","Woolf"
1309,"Woolf_Night_1919_107","Woolf"
1310,"Woolf_Night_1919_108","Woolf"
1311,"Woolf_Night_1919_109","Woolf"
1312,"Woolf_Night_1919_110","Woolf"
1313,"Woolf_Night_1919_111","Woolf"
1314,"Woolf_Night_1919_112","Woolf"
1315,"Woolf_Night_1919_113","Woolf"
1316,"Woolf_Night_1919_114","Woolf"
1317,"Woolf_Night_1919_115","Woolf"
1318,"Woolf_Night_1919_116","Woolf"
1319,"Woolf_Night_1919_117","Woolf"
1320,"Woolf_Night_1919_118","Woolf"
1321,"Woolf_Night_1919_119","Woolf"
1322,"Woolf_Night_1919_120","Woolf"
1323,"Woolf_Night_1919_121","Woolf"
1324,"Woolf_Night_1919_122","Woolf"
1325,"Woolf_Night_1919_123","Woolf"
1326,"Woolf_Night_1919_124","Woolf"
1327,"Woolf_Night_1919_125","Woolf"
1328,"Woolf_Night_1919_126","Woolf"
1329,"Woolf_Night_1919_127","Woolf"
1330,"Woolf_Night_1919_128","Woolf"
1331,"Woolf_Night_1919_129","Woolf"
1332,"Woolf_Night_1919_130","Woolf"
1333,"Woolf_Night_1919_131","Woolf"
1334,"Woolf_Night_1919_132","Woolf"
1335,"Woolf_Night_1919_133","Woolf"
1336,"Woolf_Night_1919_134","Woolf"
1337,"Woolf_Night_1919_135","Woolf"
1338,"Woolf_Night_1919_136","Woolf"
1339,"Woolf_Night_1919_137","Woolf"
1340,"Woolf_Night_1919_138","Woolf"
1341,"Woolf_Night_1919_139","Woolf"
1342,"Woolf_Night_1919_140","Woolf"
1343,"Woolf_Night_1919_141","Woolf"
1344,"Woolf_Night_1919_142","Woolf"
1345,"Woolf_Night_1919_143","Woolf"
1346,"Woolf_Night_1919_144","Woolf"
1347,"Woolf_Night_1919_145","Woolf"
1348,"Woolf_Night_1919_146","Woolf"
1349,"Woolf_Night_1919_147","Woolf"
1350,"Woolf_Night_1919_148","Woolf"
1351,"Woolf_Night_1919_149","Woolf"
1352,"Woolf_Night_1919_150","Woolf"
1353,"Woolf_Night_1919_151","Woolf"
1354,"Woolf_Night_1919_152","Woolf"
1355,"Woolf_Night_1919_153","Woolf"
1356,"Woolf_Night_1919_154","Woolf"
1357,"Woolf_Night_1919_155","Woolf"
1358,"Woolf_Night_1919_156","Woolf"
1359,"Woolf_Night_1919_157","Woolf"
1360,"Woolf_Night_1919_158","Woolf"
1361,"Woolf_Night_1919_159","Woolf"
1362,"Woolf_Night_1919_160","Woolf"
1363,"Woolf_Night_1919_161","Woolf"
1364,"Woolf_Night_1919_162","Woolf"
1365,"Woolf_Night_1919_163","Woolf"
1366,"Woolf_Night_1919_164","Woolf"
1367,"Woolf_Night_1919_165","Woolf"
1368,"Woolf_Night_1919_166","Woolf"
1369,"Woolf_Night_1919_167","Woolf"
1370,"Woolf_Night_1919_168","Woolf"
1371,"Woolf_Night_1919_169","Woolf"
1372,"Woolf_Night_1919_170","Woolf"
1373,"Woolf_Years_1937_1","Woolf"
1374,"Woolf_Years_1937_2","Woolf"
1375,"Woolf_Years_1937_3","Woolf"
1376,"Woolf_Years_1937_4","Woolf"
1377,"Woolf_Years_1937_5","Woolf"
1378,"Woolf_Years_1937_6","Woolf"
1379,"Woolf_Years_1937_7","Woolf"
1380,"Woolf_Years_1937_8","Woolf"
1381,"Woolf_Years_1937_9","Woolf"
1382,"Woolf_Years_1937_10","Woolf"
1383,"Woolf_Years_1937_11","Woolf"
1384,"Woolf_Years_1937_12","Woolf"
1385,"Woolf_Years_1937_13","Woolf"
1386,"Woolf_Years_1937_14","Woolf"
1387,"Woolf_Years_1937_15","Woolf"
1388,"Woolf_Years_1937_16","Woolf"
1389,"Woolf_Years_1937_17","Woolf"
1390,"Woolf_Years_1937_18","Woolf"
1391,"Woolf_Years_1937_19","Woolf"
1392,"Woolf_Years_1937_20","Woolf"
1393,"Woolf_Years_1937_21","Woolf"
1394,"Woolf_Years_1937_22","Woolf"
1395,"Woolf_Years_1937_23","Woolf"
1396,"Woolf_Years_1937_24","Woolf"
1397,"Woolf_Years_1937_25","Woolf"
1398,"Woolf_Years_1937_26","Woolf"
1399,"Woolf_Years_1937_27","Woolf"
1400,"Woolf_Years_1937_28","Woolf"
1401,"Woolf_Years_1937_29","Woolf"
1402,"Woolf_Years_1937_30","Woolf"
1403,"Woolf_Years_1937_31","Woolf"
1404,"Woolf_Years_1937_32","Woolf"
1405,"Woolf_Years_1937_33","Woolf"
1406,"Woolf_Years_1937_34","Woolf"
1407,"Woolf_Years_1937_35","Woolf"
1408,"Woolf_Years_1937_36","Woolf"
1409,"Woolf_Years_1937_37","Woolf"
1410,"Woolf_Years_1937_38","Woolf"
1411,"Woolf_Years_1937_39","Woolf"
1412,"Woolf_Years_1937_40","Woolf"
1413,"Woolf_Years_1937_41","Woolf"
1414,"Woolf_Years_1937_42","Woolf"
1415,"Woolf_Years_1937_43","Woolf"
1416,"Woolf_Years_1937_44","Woolf"
1417,"Woolf_Years_1937_45","Woolf"
1418,"Woolf_Years_1937_46","Woolf"
1419,"Woolf_Years_1937_47","Woolf"
1420,"Woolf_Years_1937_48","Woolf"
1421,"Woolf_Years_1937_49","Woolf"
1422,"Woolf_Years_1937_50","Woolf"
1423,"Woolf_Years_1937_51","Woolf"
1424,"Woolf_Years_1937_52","Woolf"
1425,"Woolf_Years_1937_53","Woolf"
1426,"Woolf_Years_1937_54","Woolf"
1427,"Woolf_Years_1937_55","Woolf"
1428,"Woolf_Years_1937_56","Woolf"
1429,"Woolf_Years_1937_57","Woolf"
1430,"Woolf_Years_1937_58","Woolf"
1431,"Woolf_Years_1937_59","Woolf"
1432,"Woolf_Years_1937_60","Woolf"
1433,"Woolf_Years_1937_61","Woolf"
1434,"Woolf_Years_1937_62","Woolf"
1435,"Woolf_Years_1937_63","Woolf"
1436,"Woolf_Years_1937_64","Woolf"
1437,"Woolf_Years_1937_65","Woolf"
1438,"Woolf_Years_1937_66","Woolf"
1439,"Woolf_Years_1937_67","Woolf"
1440,"Woolf_Years_1937_68","Woolf"
1441,"Woolf_Years_1937_69","Woolf"
1442,"Woolf_Years_1937_70","Woolf"
1443,"Woolf_Years_1937_71","Woolf"
1444,"Woolf_Years_1937_72","Woolf"
1445,"Woolf_Years_1937_73","Woolf"
1446,"Woolf_Years_1937_74","Woolf"
1447,"Woolf_Years_1937_75","Woolf"
1448,"Woolf_Years_1937_76","Woolf"
1449,"Woolf_Years_1937_77","Woolf"
1450,"Woolf_Years_1937_78","Woolf"
1451,"Woolf_Years_1937_79","Woolf"
1452,"Woolf_Years_1937_80","Woolf"
1453,"Woolf_Years_1937_81","Woolf"
1454,"Woolf_Years_1937_82","Woolf"
1455,"Woolf_Years_1937_83","Woolf"
1456,"Woolf_Years_1937_84","Woolf"
1457,"Woolf_Years_1937_85","Woolf"
1458,"Woolf_Years_1937_86","Woolf"
1459,"Woolf_Years_1937_87","Woolf"
1460,"Woolf_Years_1937_88","Woolf"
1461,"Woolf_Years_1937_89","Woolf"
1462,"Woolf_Years_1937_90","Woolf"
1463,"Woolf_Years_1937_91","Woolf"
1464,"Woolf_Years_1937_92","Woolf"
1465,"Woolf_Years_1937_93","Woolf"
1466,"Woolf_Years_1937_94","Woolf"
1467,"Woolf_Years_1937_95","Woolf"
1468,"Woolf_Years_1937_96","Woolf"
1469,"Woolf_Years_1937_97","Woolf"
1470,"Woolf_Years_1937_98","Woolf"
1471,"Woolf_Years_1937_99","Woolf"
1472,"Woolf_Years_1937_100","Woolf"
1473,"Woolf_Years_1937_101","Woolf"
1474,"Woolf_Years_1937_102","Woolf"
1475,"Woolf_Years_1937_103","Woolf"
1476,"Woolf_Years_1937_104","Woolf"
1477,"Woolf_Years_1937_105","Woolf"
1478,"Woolf_Years_1937_106","Woolf"
1479,"Woolf_Years_1937_107","Woolf"
1480,"Woolf_Years_1937_108","Woolf"
1481,"Woolf_Years_1937_109","Woolf"
1482,"Woolf_Years_1937_110","Woolf"
1483,"Woolf_Years_1937_111","Woolf"
1484,"Woolf_Years_1937_112","Woolf"
1485,"Woolf_Years_1937_113","Woolf"
1486,"Woolf_Years_1937_114","Woolf"
1487,"Woolf_Years_1937_115","Woolf"
1488,"Woolf_Years_1937_116","Woolf"
1489,"Woolf_Years_1937_117","Woolf"
1490,"Woolf_Years_1937_118","Woolf"
1491,"Woolf_Years_1937_119","Woolf"
1492,"Woolf_Years_1937_120","Woolf"
1493,"Woolf_Years_1937_121","Woolf"
1494,"Woolf_Years_1937_122","Woolf"
1495,"Woolf_Years_1937_123","Woolf"
1496,"Woolf_Years_1937_124","Woolf"
1497,"Woolf_Years_1937_125","Woolf"
1498,"Woolf_Years_1937_126","Woolf"
1499,"Woolf_Years_1937_127","Woolf"
1500,"Woolf_Years_1937_128","Woolf"
1501,"Woolf_Years_1937_129","Woolf"
1502,"Woolf_Years_1937_130","Woolf"
1503,"Woolf_Years_1937_131","Woolf"
